{"cameraMode":{"drawMode":0,"name":"Shaded","section":"Shading Mode"},"sceneLighting":false,"audioPlay":false,"sceneViewState":{"m_AlwaysRefresh":false,"showFog":true,"showSkybox":false,"showFlares":true,"showImageEffects":true,"showParticleSystems":true,"showVisualEffectGraphs":true,"m_FxEnabled":true},"in2DMode":false,"pivot":{"x":-0.4916769862174988,"y":0.4615423083305359,"z":-0.28983309864997866},"rotation":{"x":-0.02398599497973919,"y":-0.03148651868104935,"z":-0.0007549760048277676,"w":0.9992217421531677},"size":1.207731008529663,"orthographic":false}