{"cameraMode":{"drawMode":0,"name":"Shaded","section":"Shading Mode"},"sceneLighting":true,"audioPlay":false,"sceneViewState":{"m_AlwaysRefresh":false,"showFog":true,"showSkybox":true,"showFlares":true,"showImageEffects":true,"showParticleSystems":true,"showVisualEffectGraphs":true,"m_FxEnabled":true},"in2DMode":false,"pivot":{"x":6.88590669631958,"y":4.582818984985352,"z":5.901289463043213},"rotation":{"x":0.044575776904821399,"y":0.13445435464382173,"z":-0.00605455506592989,"w":0.9899013638496399},"size":11.399940490722657,"orthographic":false}