{"cameraMode":{"drawMode":0,"name":"Shaded","section":"Shading Mode"},"sceneLighting":true,"audioPlay":false,"sceneViewState":{"m_AlwaysRefresh":false,"showFog":true,"showSkybox":true,"showFlares":true,"showImageEffects":true,"showParticleSystems":true,"showVisualEffectGraphs":true,"m_FxEnabled":true},"in2DMode":false,"pivot":{"x":13.818123817443848,"y":4.170301914215088,"z":31.935319900512697},"rotation":{"x":0.04488691687583923,"y":0.06588519364595413,"z":-0.0029668393544852735,"w":0.9968124032020569},"size":26.301664352416993,"orthographic":false}