{"cameraMode":{"drawMode":0,"name":"Shaded","section":"Shading Mode"},"sceneLighting":false,"audioPlay":false,"sceneViewState":{"m_AlwaysRefresh":false,"showFog":true,"showSkybox":false,"showFlares":true,"showImageEffects":true,"showParticleSystems":true,"showVisualEffectGraphs":true,"m_FxEnabled":true},"in2DMode":false,"pivot":{"x":-5.999999523162842,"y":1.0407719612121583,"z":14.579565048217774},"rotation":{"x":-0.0017277945298701525,"y":-0.6972861886024475,"z":0.001662921393290162,"w":-0.7168111801147461},"size":3.0789690017700197,"orthographic":true}