{"cameraMode":{"drawMode":0,"name":"Shaded","section":"Shading Mode"},"sceneLighting":true,"audioPlay":false,"sceneViewState":{"m_AlwaysRefresh":false,"showFog":true,"showSkybox":true,"showFlares":true,"showImageEffects":true,"showParticleSystems":true,"showVisualEffectGraphs":true,"m_FxEnabled":true},"in2DMode":false,"pivot":{"x":-0.05238151550292969,"y":2.382077693939209,"z":5.689999580383301},"rotation":{"x":0.13560925424098969,"y":0.6059619784355164,"z":-0.10573752969503403,"w":0.7767525911331177},"size":9.374532699584961,"orthographic":false}