{"cameraMode":{"drawMode":0,"name":"Shaded","section":"Shading Mode"},"sceneLighting":true,"audioPlay":false,"sceneViewState":{"m_AlwaysRefresh":false,"showFog":true,"showSkybox":true,"showFlares":true,"showImageEffects":true,"showParticleSystems":true,"showVisualEffectGraphs":true,"m_FxEnabled":true},"in2DMode":false,"pivot":{"x":1.1920928955078126e-7,"y":2.635058879852295,"z":0.010605812072753907},"rotation":{"x":-0.2190031111240387,"y":0.012291200459003449,"z":-0.002758878981694579,"w":-0.975645899772644},"size":8.032538414001465,"orthographic":false}